0,-1400,0,-1483,428
0,-1365,0,-1367,600
0,-1330,0,-1322,664
0,-1295,0,-1287,733
0,-1260,0,-1253,690
0,-1225,0,-1217,646
0,-1190,0,-1183,617
0,-1155,0,-1147,867
0,-1120,0,-1113,984
0,-1085,0,-1080,983
0,-1050,0,-1043,983
0,-1015,0,-1007,982
0,-980,0,-973,984
0,-945,0,-940,984
0,-910,0,-903,983
0,-875,0,-868,983
0,-840,0,-833,983
0,-805,0,-800,983
0,-770,0,-763,982
0,-735,0,-728,983
0,-700,0,-695,882
0,-665,0,-653,98
0,-630,0,-623,0
0,-595,0,-589,152
0,-560,0,-555,147
0,-525,0,-517,220
0,-490,0,-483,168
0,-455,0,-445,76
0,-420,0,-415,120
0,-385,0,-377,497
0,-350,0,-343,814
0,-315,0,-312,618
0,-280,0,-275,575
0,-245,0,-237,585
0,-210,0,-205,604
0,-175,0,-172,608
0,-140,0,-134,608
0,-105,0,-99,612
0,-70,0,-61,608
0,-35,0,-28,608
0,0,0,8,607
70,-1400,76,-1484,438
70,-1365,74,-1367,585
70,-1330,74,-1322,659
70,-1295,71,-1287,729
70,-1260,70,-1253,729
70,-1225,70,-1220,536
70,-1190,70,-1182,566
70,-1155,70,-1147,984
70,-1120,70,-1113,984
70,-1085,70,-1079,983
70,-1050,70,-1043,983
70,-1015,70,-1009,984
70,-980,70,-973,984
70,-945,70,-940,984
70,-910,70,-901,984
70,-875,70,-869,984
70,-840,70,-833,984
70,-805,70,-794,956
70,-770,70,-765,983
70,-735,70,-727,983
70,-700,70,-695,952
70,-665,70,-657,358
70,-630,70,-623,0
70,-595,70,-589,114
70,-560,70,-553,152
70,-525,70,-520,204
70,-490,70,-483,223
70,-455,70,-447,103
70,-420,70,-413,199
70,-385,70,-377,625
70,-350,70,-343,724
70,-315,70,-312,580
70,-280,70,-273,580
70,-245,70,-239,600
70,-210,70,-205,604
70,-175,70,-172,608
70,-140,70,-135,612
70,-105,70,-98,612
70,-70,70,-61,612
70,-35,70,-29,612
70,0,70,8,607
140,-1400,143,-1393,551
140,-1365,143,-1365,604
140,-1330,143,-1323,664
140,-1295,143,-1289,725
140,-1260,142,-1253,751
140,-1225,142,-1218,641
140,-1190,142,-1183,497
140,-1155,142,-1147,984
140,-1120,140,-1113,984
140,-1085,140,-1077,984
140,-1050,140,-1043,982
140,-1015,140,-1005,984
140,-980,140,-975,983
140,-945,140,-938,983
140,-910,140,-903,983
140,-875,140,-868,982
140,-840,140,-833,983
140,-805,140,-800,814
140,-770,140,-763,982
140,-735,140,-728,983
140,-700,140,-695,983
140,-665,140,-659,536
140,-630,140,-621,6
140,-595,140,-586,88
140,-560,140,-555,141
140,-525,140,-519,173
140,-490,140,-483,204
140,-455,140,-448,115
140,-420,140,-413,177
140,-385,140,-379,747
140,-350,140,-343,650
140,-315,140,-309,570
140,-280,140,-275,580
140,-245,140,-240,600
140,-210,140,-205,608
140,-175,140,-172,612
140,-140,140,-135,617
140,-105,140,-98,612
140,-70,140,-62,613
140,-35,140,-28,617
140,0,140,7,612
210,-1400,207,-1484,447
210,-1365,215,-1367,599
210,-1330,215,-1323,659
210,-1295,214,-1287,729
210,-1260,210,-1253,781
210,-1225,210,-1214,604
210,-1190,210,-1185,522
210,-1155,210,-1149,984
210,-1120,210,-1113,984
210,-1085,210,-1078,983
210,-1050,210,-1043,983
210,-1015,210,-1008,984
210,-980,210,-973,985
210,-945,210,-940,983
210,-910,210,-903,984
210,-875,210,-865,983
210,-840,210,-835,983
210,-805,210,-795,819
210,-770,210,-763,984
210,-735,210,-730,984
210,-700,210,-695,983
210,-665,210,-657,645
210,-630,210,-623,60
210,-595,210,-589,33
210,-560,210,-553,157
210,-525,210,-522,136
210,-490,210,-481,193
210,-455,210,-445,125
210,-420,210,-415,289
210,-385,210,-378,807
210,-350,210,-343,604
210,-315,210,-312,570
210,-280,210,-273,585
210,-245,210,-238,604
210,-210,210,-205,608
210,-175,210,-172,617
210,-140,210,-135,617
210,-105,210,-99,617
210,-70,210,-61,617
210,-35,210,-28,617
210,0,210,9,612
280,-1400,283,-1393,541
280,-1365,283,-1365,604
280,-1330,283,-1323,660
280,-1295,283,-1287,725
280,-1260,283,-1254,742
280,-1225,283,-1217,536
280,-1190,282,-1183,636
280,-1155,282,-1149,984
280,-1120,282,-1113,984
280,-1085,280,-1079,983
280,-1050,280,-1043,983
280,-1015,280,-1005,983
280,-980,280,-975,983
280,-945,280,-938,984
280,-910,280,-903,983
280,-875,280,-867,982
280,-840,280,-835,982
280,-805,280,-793,836
280,-770,280,-765,983
280,-735,280,-729,983
280,-700,280,-693,983
280,-665,280,-658,793
280,-630,280,-623,131
280,-595,280,-588,11
280,-560,280,-555,136
280,-525,280,-517,152
280,-490,280,-485,188
280,-455,280,-445,136
280,-420,280,-414,378
280,-385,280,-382,819
280,-350,280,-342,599
280,-315,280,-312,575
280,-280,280,-273,585
280,-245,280,-237,608
280,-210,280,-205,612
280,-175,280,-172,617
280,-140,280,-134,622
280,-105,280,-98,621
280,-70,280,-61,622
280,-35,280,-28,622
280,0,280,8,617
350,-1400,351,-1484,447
350,-1365,353,-1367,585
350,-1330,353,-1323,655
350,-1295,353,-1289,715
350,-1260,353,-1253,664
350,-1225,352,-1214,517
350,-1190,352,-1185,808
350,-1155,352,-1147,982
350,-1120,352,-1113,983
350,-1085,350,-1080,984
350,-1050,350,-1043,983
350,-1015,350,-1009,984
350,-980,350,-973,984
350,-945,350,-938,984
350,-910,350,-901,984
350,-875,350,-872,984
350,-840,350,-828,983
350,-805,350,-800,793
350,-770,350,-763,983
350,-735,350,-728,984
350,-700,350,-695,983
350,-665,350,-657,911
350,-630,350,-623,442
350,-595,350,-589,44
350,-560,350,-555,82
350,-525,350,-517,131
350,-490,350,-483,162
350,-455,350,-452,173
350,-420,350,-413,483
350,-385,350,-377,807
350,-350,350,-343,579
350,-315,350,-313,575
350,-280,350,-275,600
350,-245,350,-237,608
350,-210,350,-202,617
350,-175,350,-172,622
350,-140,350,-134,622
350,-105,350,-98,622
350,-70,350,-61,622
350,-35,350,-28,622
350,0,350,6,617
420,-1400,416,-1484,447
420,-1365,423,-1367,585
420,-1330,423,-1323,650
420,-1295,423,-1287,694
420,-1260,423,-1253,561
420,-1225,423,-1219,645
420,-1190,423,-1183,983
420,-1155,422,-1147,983
420,-1120,422,-1113,984
420,-1085,422,-1080,983
420,-1050,422,-1041,984
420,-1015,420,-1009,983
420,-980,420,-973,984
420,-945,420,-938,983
420,-910,420,-903,983
420,-875,420,-868,983
420,-840,420,-833,983
420,-805,420,-798,859
420,-770,420,-763,982
420,-735,420,-729,983
420,-700,420,-693,984
420,-665,420,-660,984
420,-630,420,-623,669
420,-595,420,-588,120
420,-560,420,-553,38
420,-525,420,-522,125
420,-490,420,-482,120
420,-455,420,-448,141
420,-420,420,-415,478
420,-385,420,-377,753
420,-350,420,-343,570
420,-315,420,-312,580
420,-280,420,-275,600
420,-245,420,-239,608
420,-210,420,-205,617
420,-175,420,-172,622
420,-140,420,-132,622
420,-105,420,-101,622
420,-70,420,-61,626
420,-35,420,-29,626
420,0,420,7,621
490,-1400,493,-1397,498
490,-1365,493,-1365,585
490,-1330,493,-1323,641
490,-1295,493,-1288,608
490,-1260,493,-1253,513
490,-1225,493,-1218,964
490,-1190,493,-1181,983
490,-1155,492,-1151,983
490,-1120,492,-1111,983
490,-1085,492,-1078,983
490,-1050,490,-1043,984
490,-1015,490,-1007,984
490,-980,490,-973,984
490,-945,490,-938,983
490,-910,490,-901,983
490,-875,490,-871,984
490,-840,490,-831,984
490,-805,490,-798,892
490,-770,490,-761,983
490,-735,490,-732,983
490,-700,490,-691,984
490,-665,490,-658,984
490,-630,490,-623,882
490,-595,490,-591,492
490,-560,490,-553,71
490,-525,490,-518,76
490,-490,490,-481,147
490,-455,490,-451,141
490,-420,490,-413,531
490,-385,490,-380,781
490,-350,490,-341,570
490,-315,490,-312,580
490,-280,490,-273,604
490,-245,490,-242,608
490,-210,490,-203,617
490,-175,490,-170,622
490,-140,490,-133,622
490,-105,490,-100,626
490,-70,490,-61,626
490,-35,490,-30,626
490,0,490,7,622
560,-1400,562,-1392,483
560,-1365,562,-1363,575
560,-1330,562,-1322,600
560,-1295,562,-1291,488
560,-1260,562,-1251,912
560,-1225,562,-1220,984
560,-1190,562,-1181,983
560,-1155,562,-1148,983
560,-1120,562,-1113,983
560,-1085,562,-1078,984
560,-1050,562,-1041,983
560,-1015,562,-1011,984
560,-980,560,-971,984
560,-945,560,-940,983
560,-910,560,-901,983
560,-875,560,-868,982
560,-840,560,-833,982
560,-805,560,-798,971
560,-770,560,-763,875
560,-735,560,-731,983
560,-700,560,-693,982
560,-665,560,-658,983
560,-630,560,-623,978
560,-595,560,-591,777
560,-560,560,-553,305
560,-525,560,-517,44
560,-490,560,-483,88
560,-455,560,-450,115
560,-420,560,-413,467
560,-385,560,-380,801
560,-350,560,-343,580
560,-315,560,-311,580
560,-280,560,-273,600
560,-245,560,-240,608
560,-210,560,-203,617
560,-175,560,-170,617
560,-140,560,-133,622
560,-105,560,-100,626
560,-70,560,-63,622
560,-35,560,-30,622
560,0,560,7,621
630,-1400,632,-1392,448
630,-1365,632,-1363,541
630,-1330,632,-1323,468
630,-1295,632,-1287,807
630,-1260,632,-1253,983
630,-1225,632,-1218,983
630,-1190,632,-1183,983
630,-1155,632,-1147,983
630,-1120,632,-1113,983
630,-1085,632,-1078,983
630,-1050,630,-1041,984
630,-1015,630,-1011,983
630,-980,630,-971,984
630,-945,630,-938,984
630,-910,630,-903,985
630,-875,630,-868,983
630,-840,630,-833,983
630,-805,630,-798,950
630,-770,630,-763,751
630,-735,630,-728,983
630,-700,630,-693,984
630,-665,630,-660,983
630,-630,630,-623,985
630,-595,630,-591,911
630,-560,630,-553,668
630,-525,629,-517,196
630,-490,629,-481,38
630,-455,629,-452,71
630,-420,629,-413,403
630,-385,629,-380,828
630,-350,629,-343,604
630,-315,629,-311,580
630,-280,629,-273,600
630,-245,629,-240,608
630,-210,629,-203,617
630,-175,630,-170,622
630,-140,630,-133,622
630,-105,630,-100,622
630,-70,630,-61,626
630,-35,630,-30,622
630,0,630,7,617
700,-1400,703,-1395,368
700,-1365,703,-1365,438
700,-1330,702,-1321,622
700,-1295,702,-1291,985
700,-1260,702,-1251,984
700,-1225,702,-1220,984
700,-1190,702,-1181,983
700,-1155,702,-1148,983
700,-1120,702,-1113,983
700,-1085,702,-1078,984
700,-1050,702,-1041,983
700,-1015,702,-1011,985
700,-980,702,-971,984
700,-945,702,-938,984
700,-910,702,-901,983
700,-875,702,-871,984
700,-840,700,-833,982
700,-805,700,-798,946
700,-770,700,-761,694
700,-735,700,-731,983
700,-700,700,-691,983
700,-665,700,-660,983
700,-630,700,-623,984
700,-595,700,-587,964
700,-560,700,-553,860
700,-525,700,-519,641
700,-490,700,-483,209
700,-455,700,-446,44
700,-420,700,-413,264
700,-385,700,-380,811
700,-350,700,-343,622
700,-315,700,-310,580
700,-280,700,-273,604
700,-245,699,-240,608
700,-210,699,-203,613
700,-175,699,-170,617
700,-140,699,-133,622
700,-105,699,-100,622
700,-70,699,-63,617
700,-35,699,-30,621
700,0,699,7,617
770,-1400,773,-1392,236
770,-1365,772,-1363,487
770,-1330,772,-1323,949
770,-1295,772,-1290,983
770,-1260,772,-1250,983
770,-1225,772,-1220,983
770,-1190,772,-1181,983
770,-1155,772,-1150,982
770,-1120,772,-1111,983
770,-1085,772,-1080,983
770,-1050,772,-1041,982
770,-1015,772,-1008,983
770,-980,772,-973,983
770,-945,771,-938,983
770,-910,770,-903,985
770,-875,770,-871,983
770,-840,770,-828,983
770,-805,770,-798,950
770,-770,770,-763,626
770,-735,770,-731,904
770,-700,770,-693,983
770,-665,770,-658,984
770,-630,770,-623,984
770,-595,770,-591,982
770,-560,770,-553,903
770,-525,770,-520,815
770,-490,770,-481,636
770,-455,770,-450,388
770,-420,770,-413,114
770,-385,770,-380,536
770,-350,770,-343,690
770,-315,770,-311,585
770,-280,770,-273,604
770,-245,770,-240,608
770,-210,770,-203,612
770,-175,770,-170,617
770,-140,770,-133,612
770,-105,770,-100,617
770,-70,770,-60,617
770,-35,770,-30,617
770,0,770,7,612
840,-1400,843,-1392,331
840,-1365,843,-1363,651
840,-1330,843,-1323,949
840,-1295,842,-1288,983
840,-1260,842,-1253,983
840,-1225,842,-1219,984
840,-1190,842,-1181,983
840,-1155,842,-1151,983
840,-1120,842,-1111,984
840,-1085,842,-1078,984
840,-1050,842,-1042,983
840,-1015,842,-1008,983
840,-980,842,-973,983
840,-945,842,-937,983
840,-910,842,-901,983
840,-875,842,-871,983
840,-840,842,-831,983
840,-805,842,-799,984
840,-770,840,-763,621
840,-735,840,-731,617
840,-700,840,-693,982
840,-665,840,-658,983
840,-630,840,-623,983
840,-595,840,-587,983
840,-560,840,-553,949
840,-525,840,-520,870
840,-490,840,-483,785
840,-455,840,-450,690
840,-420,840,-413,513
840,-385,840,-380,311
840,-350,840,-343,714
840,-315,840,-310,612
840,-280,840,-273,600
840,-245,840,-240,604
840,-210,840,-203,608
840,-175,840,-170,608
840,-140,840,-133,608
840,-105,840,-100,612
840,-70,840,-60,612
840,-35,840,-30,612
840,0,840,7,612
910,-1400,913,-1392,545
910,-1365,912,-1363,729
910,-1330,912,-1323,956
910,-1295,912,-1290,983
910,-1260,912,-1251,983
910,-1225,912,-1218,982
910,-1190,912,-1181,982
910,-1155,912,-1151,983
910,-1120,912,-1111,983
910,-1085,912,-1078,983
910,-1050,912,-1041,982
910,-1015,912,-1011,983
910,-980,912,-971,983
910,-945,912,-938,983
910,-910,912,-903,983
910,-875,912,-867,983
910,-840,912,-833,983
910,-805,912,-800,983
910,-770,912,-761,622
910,-735,910,-731,551
910,-700,910,-692,984
910,-665,910,-658,984
910,-630,910,-623,984
910,-595,910,-587,984
910,-560,910,-553,956
910,-525,910,-520,886
910,-490,910,-483,815
910,-455,910,-451,742
910,-420,910,-411,655
910,-385,910,-380,575
910,-350,910,-343,478
910,-315,910,-312,612
910,-280,910,-273,560
910,-245,910,-240,585
910,-210,910,-203,604
910,-175,910,-170,604
910,-140,910,-133,604
910,-105,910,-100,604
910,-70,910,-60,604
910,-35,910,-30,604
910,0,910,7,604
980,-1400,983,-1392,744
980,-1365,983,-1363,875
980,-1330,982,-1321,984
980,-1295,982,-1291,985
980,-1260,982,-1251,985
980,-1225,982,-1218,984
980,-1190,982,-1183,984
980,-1155,982,-1151,984
980,-1120,982,-1113,984
980,-1085,982,-1076,984
980,-1050,982,-1043,985
980,-1015,982,-1006,983
980,-980,982,-973,984
980,-945,982,-938,984
980,-910,982,-901,984
980,-875,982,-871,984
980,-840,980,-831,984
980,-805,980,-799,984
980,-770,980,-763,626
980,-735,980,-728,473
980,-700,980,-693,892
980,-665,980,-658,984
980,-630,980,-621,983
980,-595,980,-592,984
980,-560,980,-553,961
980,-525,980,-520,892
980,-490,980,-481,824
980,-455,980,-451,779
980,-420,980,-413,698
980,-385,980,-380,622
980,-350,980,-341,545
980,-315,980,-312,541
980,-280,980,-273,488
980,-245,980,-240,560
980,-210,980,-203,575
980,-175,980,-170,585
980,-140,980,-133,600
980,-105,980,-100,600
980,-70,980,-61,600
980,-35,980,-30,600
980,0,980,7,599
1050,-1400,1057,-1392,536
1050,-1365,1057,-1363,585
1050,-1330,1054,-1323,665
1050,-1295,1052,-1291,711
1050,-1260,1050,-1251,961
1050,-1225,1050,-1218,985
1050,-1190,1050,-1181,984
1050,-1155,1050,-1151,985
1050,-1120,1049,-1111,948
1050,-1085,1049,-1080,961
1050,-1050,1049,-1041,980
1050,-1015,1049,-1007,984
1050,-980,1049,-973,979
1050,-945,1049,-938,984
1050,-910,1049,-903,984
1050,-875,1049,-867,984
1050,-840,1049,-833,983
1050,-805,1049,-798,984
1050,-770,1049,-763,621
1050,-735,1049,-731,433
1050,-700,1049,-693,815
1050,-665,1049,-658,982
1050,-630,1049,-623,984
1050,-595,1050,-591,985
1050,-560,1050,-553,984
1050,-525,1050,-518,984
1050,-490,1050,-481,985
1050,-455,1050,-451,984
1050,-420,1050,-413,860
1050,-385,1050,-378,706
1050,-350,1050,-341,585
1050,-315,1050,-312,536
1050,-280,1050,-273,503
1050,-245,1050,-240,630
1050,-210,1050,-203,604
1050,-175,1050,-170,565
1050,-140,1050,-133,579
1050,-105,1050,-100,575
1050,-70,1050,-60,575
1050,-35,1050,-30,575
1050,0,1050,7,570
1120,-1400,1125,-1392,551
1120,-1365,1125,-1363,600
1120,-1330,1125,-1323,645
1120,-1295,1125,-1288,650
1120,-1260,1125,-1253,706
1120,-1225,1124,-1218,860
1120,-1190,1120,-1181,827
1120,-1155,1119,-1148,836
1120,-1120,1119,-1113,815
1120,-1085,1119,-1078,777
1120,-1050,1119,-1043,734
1120,-1015,1119,-1007,738
1120,-980,1119,-973,871
1120,-945,1119,-938,984
1120,-910,1119,-903,984
1120,-875,1119,-867,984
1120,-840,1119,-833,983
1120,-805,1119,-798,984
1120,-770,1119,-761,617
1120,-735,1119,-732,419
1120,-700,1119,-693,729
1120,-665,1120,-658,978
1120,-630,1120,-621,983
1120,-595,1120,-590,984
1120,-560,1120,-553,983
1120,-525,1120,-518,984
1120,-490,1120,-481,983
1120,-455,1120,-450,983
1120,-420,1120,-413,983
1120,-385,1120,-378,983
1120,-350,1120,-341,819
1120,-315,1120,-312,700
1120,-280,1120,-273,613
1120,-245,1120,-240,807
1120,-210,1120,-203,707
1120,-175,1120,-170,655
1120,-140,1120,-133,626
1120,-105,1120,-100,604
1120,-70,1120,-60,565
1120,-35,1120,-30,556
1120,0,1120,7,561
1190,-1400,1197,-1395,326
1190,-1365,1194,-1363,619
1190,-1330,1190,-1321,729
1190,-1295,1190,-1291,715
1190,-1260,1190,-1251,824
1190,-1225,1190,-1218,878
1190,-1190,1190,-1181,874
1190,-1155,1190,-1148,899
1190,-1120,1190,-1113,908
1190,-1085,1190,-1078,903
1190,-1050,1190,-1043,867
1190,-1015,1190,-1008,738
1190,-980,1190,-973,728
1190,-945,1190,-938,984
1190,-910,1190,-903,984
1190,-875,1190,-867,984
1190,-840,1190,-833,983
1190,-805,1190,-798,985
1190,-770,1190,-763,626
1190,-735,1190,-731,388
1190,-700,1190,-693,690
1190,-665,1190,-657,972
1190,-630,1190,-623,985
1190,-595,1190,-588,984
1190,-560,1190,-553,984
1190,-525,1190,-520,984
1190,-490,1190,-483,984
1190,-455,1190,-450,984
1190,-420,1190,-413,984
1190,-385,1190,-380,985
1190,-350,1190,-342,875
1190,-315,1190,-312,711
1190,-280,1190,-273,613
1190,-245,1190,-240,756
1190,-210,1190,-203,457
1190,-175,1190,-170,702
1190,-140,1190,-133,612
1190,-105,1190,-100,522
1190,-70,1190,-60,447
1190,-35,1190,-30,419
1190,0,1190,7,438
1260,-1400,1267,-1393,183
1260,-1365,1267,-1363,285
1260,-1330,1266,-1321,517
1260,-1295,1265,-1289,818
1260,-1260,1265,-1251,985
1260,-1225,1265,-1220,899
1260,-1190,1264,-1181,903
1260,-1155,1263,-1148,953
1260,-1120,1257,-1113,961
1260,-1085,1257,-1080,972
1260,-1050,1257,-1041,950
1260,-1015,1257,-1010,878
1260,-980,1257,-971,715
1260,-945,1257,-940,953
1260,-910,1258,-901,984
1260,-875,1258,-871,984
1260,-840,1258,-831,984
1260,-805,1258,-798,984
1260,-770,1258,-761,626
1260,-735,1258,-732,409
1260,-700,1258,-691,694
1260,-665,1258,-660,964
1260,-630,1258,-621,984
1260,-595,1258,-591,985
1260,-560,1258,-553,983
1260,-525,1259,-520,983
1260,-490,1261,-481,983
1260,-455,1261,-450,984
1260,-420,1261,-413,983
1260,-385,1261,-380,983
1260,-350,1261,-343,916
1260,-315,1261,-312,790
1260,-280,1261,-273,675
1260,-245,1261,-240,630
1260,-210,1261,-203,403
1260,-175,1261,-170,236
1260,-140,1261,-133,220
1260,-105,1261,-100,279
1260,-70,1261,-60,310
1260,-35,1261,-30,305
1260,0,1260,7,231
1330,-1400,1333,-1482,241
1330,-1365,1333,-1365,215
1330,-1330,1333,-1321,130
1330,-1295,1332,-1291,209
1330,-1260,1332,-1251,984
1330,-1225,1332,-1218,984
1330,-1190,1332,-1181,972
1330,-1155,1332,-1151,978
1330,-1120,1332,-1111,985
1330,-1085,1332,-1078,984
1330,-1050,1332,-1043,984
1330,-1015,1332,-1007,961
1330,-980,1332,-973,824
1330,-945,1332,-938,899
1330,-910,1332,-903,984
1330,-875,1332,-867,983
1330,-840,1332,-833,983
1330,-805,1332,-800,983
1330,-770,1332,-761,630
1330,-735,1330,-732,432
1330,-700,1330,-691,664
1330,-665,1330,-658,965
1330,-630,1330,-623,984
1330,-595,1330,-588,984
1330,-560,1330,-553,984
1330,-525,1330,-520,984
1330,-490,1330,-481,984
1330,-455,1330,-450,984
1330,-420,1330,-413,984
1330,-385,1330,-380,984
1330,-350,1330,-341,949
1330,-315,1330,-312,836
1330,-280,1330,-273,654
1330,-245,1330,-242,452
1330,-210,1330,-203,295
1330,-175,1330,-170,119
1330,-140,1330,-133,136
1330,-105,1330,-100,236
1330,-70,1330,-60,268
1330,-35,1330,-30,238
1330,0,1330,7,204
1400,-1400,1402,-1393,183
1400,-1365,1402,-1363,210
1400,-1330,1402,-1322,99
1400,-1295,1402,-1291,141
1400,-1260,1402,-1251,580
1400,-1225,1402,-1218,808
1400,-1190,1402,-1181,983
1400,-1155,1402,-1151,985
1400,-1120,1402,-1111,984
1400,-1085,1402,-1078,984
1400,-1050,1402,-1041,984
1400,-1015,1402,-1011,984
1400,-980,1402,-971,892
1400,-945,1402,-938,870
1400,-910,1402,-903,985
1400,-875,1402,-867,984
1400,-840,1402,-833,983
1400,-805,1399,-798,984
1400,-770,1399,-763,641
1400,-735,1399,-727,452
1400,-700,1399,-693,645
1400,-665,1399,-658,965
1400,-630,1399,-621,984
1400,-595,1399,-592,984
1400,-560,1399,-551,984
1400,-525,1400,-522,984
1400,-490,1400,-481,983
1400,-455,1400,-451,984
1400,-420,1400,-413,983
1400,-385,1400,-380,983
1400,-350,1400,-343,978
1400,-315,1400,-312,725
1400,-280,1400,-273,458
1400,-245,1400,-240,353
1400,-210,1400,-203,269
1400,-175,1400,-170,131
1400,-140,1400,-133,49
1400,-105,1400,-100,157
1400,-70,1400,-60,193
1400,-35,1400,-30,194
1400,0,1400,7,205
1470,-1400,1477,-1393,28
1470,-1365,1476,-1363,162
1470,-1330,1474,-1321,195
1470,-1295,1469,-1290,252
1470,-1260,1469,-1251,273
1470,-1225,1469,-1218,353
1470,-1190,1469,-1183,827
1470,-1155,1469,-1148,983
1470,-1120,1469,-1113,983
1470,-1085,1469,-1078,984
1470,-1050,1469,-1042,984
1470,-1015,1469,-1008,984
1470,-980,1469,-971,946
1470,-945,1469,-940,819
1470,-910,1469,-901,984
1470,-875,1469,-871,984
1470,-840,1470,-831,984
1470,-805,1470,-800,984
1470,-770,1470,-763,641
1470,-735,1470,-727,487
1470,-700,1470,-693,641
1470,-665,1470,-660,968
1470,-630,1470,-621,983
1470,-595,1470,-592,984
1470,-560,1470,-553,984
1470,-525,1470,-517,984
1470,-490,1470,-483,984
1470,-455,1470,-450,984
1470,-420,1470,-413,983
1470,-385,1470,-380,984
1470,-350,1470,-343,751
1470,-315,1470,-311,536
1470,-280,1470,-273,404
1470,-245,1470,-240,337
1470,-210,1470,-203,268
1470,-175,1470,-170,152
1470,-140,1470,-133,49
1470,-105,1470,-100,99
1470,-70,1470,-60,173
1470,-35,1470,-30,178
1470,0,1470,8,194
1540,-1400,1543,-1393,125
1540,-1365,1542,-1363,71
1540,-1330,1542,-1321,189
1540,-1295,1542,-1290,252
1540,-1260,1542,-1251,246
1540,-1225,1542,-1220,231
1540,-1190,1542,-1181,438
1540,-1155,1542,-1151,797
1540,-1120,1542,-1111,984
1540,-1085,1542,-1078,984
1540,-1050,1542,-1043,985
1540,-1015,1542,-1007,985
1540,-980,1542,-973,982
1540,-945,1542,-938,824
1540,-910,1542,-902,984
1540,-875,1542,-871,984
1540,-840,1542,-833,983
1540,-805,1542,-796,984
1540,-770,1542,-763,655
1540,-735,1539,-727,503
1540,-700,1539,-693,636
1540,-665,1539,-658,973
1540,-630,1539,-623,984
1540,-595,1539,-591,984
1540,-560,1539,-553,983
1540,-525,1539,-520,983
1540,-490,1539,-481,984
1540,-455,1539,-448,984
1540,-420,1539,-413,983
1540,-385,1539,-380,947
1540,-350,1539,-343,617
1540,-315,1539,-312,492
1540,-280,1539,-273,403
1540,-245,1539,-240,337
1540,-210,1539,-203,274
1540,-175,1539,-170,183
1540,-140,1539,-133,38
1540,-105,1540,-100,28
1540,-70,1540,-60,147
1540,-35,1540,-27,178
1540,0,1540,7,168
1610,-1400,1607,-1482,120
1610,-1365,1613,-1365,189
1610,-1330,1613,-1321,199
1610,-1295,1613,-1290,246
1610,-1260,1613,-1251,215
1610,-1225,1612,-1218,252
1610,-1190,1612,-1183,215
1610,-1155,1612,-1148,388
1610,-1120,1612,-1111,984
1610,-1085,1612,-1080,983
1610,-1050,1612,-1041,983
1610,-1015,1612,-1011,984
1610,-980,1612,-971,984
1610,-945,1612,-938,831
1610,-910,1612,-903,984
1610,-875,1610,-868,983
1610,-840,1610,-833,983
1610,-805,1610,-798,984
1610,-770,1610,-762,659
1610,-735,1610,-731,527
1610,-700,1610,-693,622
1610,-665,1610,-656,983
1610,-630,1610,-623,984
1610,-595,1610,-590,984
1610,-560,1610,-553,983
1610,-525,1610,-520,983
1610,-490,1610,-483,984
1610,-455,1610,-451,984
1610,-420,1610,-413,984
1610,-385,1610,-380,729
1610,-350,1610,-343,560
1610,-315,1610,-310,483
1610,-280,1610,-273,399
1610,-245,1610,-242,343
1610,-210,1610,-203,279
1610,-175,1610,-170,188
1610,-140,1610,-133,60
1610,-105,1610,-96,11
1610,-70,1610,-63,60
1610,-35,1610,-30,131
1610,0,1610,7,141
1680,-1400,1676,-1482,49
1680,-1365,1683,-1365,165
1680,-1330,1683,-1321,158
1680,-1295,1683,-1290,246
1680,-1260,1683,-1251,225
1680,-1225,1683,-1218,241
1680,-1190,1682,-1183,168
1680,-1155,1682,-1148,220
1680,-1120,1682,-1111,627
1680,-1085,1682,-1078,984
1680,-1050,1682,-1043,985
1680,-1015,1682,-1008,984
1680,-980,1682,-973,984
1680,-945,1682,-938,836
1680,-910,1682,-903,985
1680,-875,1682,-867,984
1680,-840,1682,-833,983
1680,-805,1682,-798,985
1680,-770,1682,-761,664
1680,-735,1682,-732,541
1680,-700,1682,-691,637
1680,-665,1679,-660,946
1680,-630,1679,-621,984
1680,-595,1679,-591,984
1680,-560,1679,-553,983
1680,-525,1679,-518,983
1680,-490,1679,-483,984
1680,-455,1679,-451,984
1680,-420,1679,-413,871
1680,-385,1679,-380,655
1680,-350,1679,-343,551
1680,-315,1679,-311,483
1680,-280,1679,-273,403
1680,-245,1679,-240,342
1680,-210,1679,-203,269
1680,-175,1679,-170,199
1680,-140,1680,-133,93
1680,-105,1680,-100,17
1680,-70,1680,-60,17
1680,-35,1680,-30,71
1680,0,1680,7,153
1750,-1400,1753,-1395,0
1750,-1365,1752,-1362,147
1750,-1330,1752,-1321,220
1750,-1295,1752,-1290,252
1750,-1260,1752,-1253,241
1750,-1225,1752,-1216,199
1750,-1190,1752,-1183,173
1750,-1155,1752,-1147,194
1750,-1120,1752,-1113,305
1750,-1085,1752,-1078,984
1750,-1050,1752,-1043,984
1750,-1015,1752,-1008,983
1750,-980,1752,-971,984
1750,-945,1752,-938,870
1750,-910,1752,-903,984
1750,-875,1752,-868,983
1750,-840,1752,-833,983
1750,-805,1749,-798,984
1750,-770,1749,-761,669
1750,-735,1749,-732,545
1750,-700,1749,-691,626
1750,-665,1749,-658,961
1750,-630,1749,-623,985
1750,-595,1749,-591,984
1750,-560,1749,-553,983
1750,-525,1749,-518,983
1750,-490,1749,-483,984
1750,-455,1749,-450,984
1750,-420,1749,-413,746
1750,-385,1750,-380,636
1750,-350,1750,-343,546
1750,-315,1750,-312,483
1750,-280,1750,-273,403
1750,-245,1750,-240,343
1750,-210,1750,-203,274
1750,-175,1750,-170,215
1750,-140,1750,-132,131
1750,-105,1750,-100,35
1750,-70,1750,-60,0
1750,-35,1750,-30,11
1750,0,1750,7,99
1820,-1400,1822,-1393,147
1820,-1365,1822,-1363,140
1820,-1330,1822,-1321,252
1820,-1295,1822,-1290,246
1820,-1260,1822,-1251,246
1820,-1225,1822,-1220,188
1820,-1190,1822,-1181,163
1820,-1155,1822,-1151,188
1820,-1120,1822,-1111,215
1820,-1085,1822,-1078,622
1820,-1050,1822,-1043,984
1820,-1015,1822,-1007,984
1820,-980,1822,-973,983
1820,-945,1822,-938,879
1820,-910,1822,-903,984
1820,-875,1822,-868,984
1820,-840,1822,-833,984
1820,-805,1819,-796,984
1820,-770,1819,-762,694
1820,-735,1819,-731,541
1820,-700,1819,-691,641
1820,-665,1819,-660,919
1820,-630,1819,-621,983
1820,-595,1819,-591,984
1820,-560,1819,-553,983
1820,-525,1819,-520,984
1820,-490,1819,-481,983
1820,-455,1819,-451,919
1820,-420,1819,-413,715
1820,-385,1819,-380,626
1820,-350,1820,-343,551
1820,-315,1820,-312,483
1820,-280,1820,-273,409
1820,-245,1820,-240,348
1820,-210,1820,-203,279
1820,-175,1820,-170,221
1820,-140,1820,-133,168
1820,-105,1820,-100,93
1820,-70,1820,-60,22
1820,-35,1820,-30,6
1820,0,1820,7,38
1890,-1400,1895,-1393,114
1890,-1365,1895,-1362,152
1890,-1330,1895,-1322,231
1890,-1295,1895,-1291,372
1890,-1260,1895,-1251,231
1890,-1225,1894,-1218,136
1890,-1190,1889,-1183,152
1890,-1155,1889,-1147,178
1890,-1120,1889,-1113,183
1890,-1085,1889,-1078,384
1890,-1050,1889,-1043,984
1890,-1015,1889,-1006,984
1890,-980,1889,-973,983
1890,-945,1889,-938,886
1890,-910,1889,-901,983
1890,-875,1889,-871,984
1890,-840,1889,-833,983
1890,-805,1889,-797,983
1890,-770,1889,-763,698
1890,-735,1889,-731,545
1890,-700,1889,-693,636
1890,-665,1889,-658,919
1890,-630,1890,-621,983
1890,-595,1890,-592,984
1890,-560,1890,-553,983
1890,-525,1890,-518,984
1890,-490,1890,-483,985
1890,-455,1890,-451,831
1890,-420,1890,-413,703
1890,-385,1890,-380,626
1890,-350,1890,-343,556
1890,-315,1890,-312,488
1890,-280,1890,-273,413
1890,-245,1890,-242,353
1890,-210,1890,-203,279
1890,-175,1890,-170,231
1890,-140,1890,-133,183
1890,-105,1890,-100,142
1890,-70,1890,-60,88
1890,-35,1890,-30,55
1890,0,1890,7,17
1960,-1400,1962,-1395,6
1960,-1365,1962,-1363,188
1960,-1330,1962,-1321,269
1960,-1295,1962,-1288,305
1960,-1260,1962,-1252,162
1960,-1225,1962,-1218,104
1960,-1190,1962,-1183,172
1960,-1155,1962,-1148,173
1960,-1120,1962,-1113,193
1960,-1085,1961,-1078,246
1960,-1050,1960,-1041,983
1960,-1015,1960,-1011,983
1960,-980,1960,-971,984
1960,-945,1960,-938,892
1960,-910,1960,-901,983
1960,-875,1960,-871,983
1960,-840,1960,-831,983
1960,-805,1960,-800,983
1960,-770,1960,-763,703
1960,-735,1960,-727,540
1960,-700,1960,-693,655
1960,-665,1960,-658,946
1960,-630,1960,-623,984
1960,-595,1960,-591,983
1960,-560,1960,-553,983
1960,-525,1960,-520,983
1960,-490,1960,-481,983
1960,-455,1960,-450,797
1960,-420,1960,-413,698
1960,-385,1960,-380,631
1960,-350,1960,-343,556
1960,-315,1960,-312,488
1960,-280,1960,-273,414
1960,-245,1960,-240,353
1960,-210,1960,-203,289
1960,-175,1960,-170,236
1960,-140,1960,-133,199
1960,-105,1960,-100,157
1960,-70,1960,-60,130
1960,-35,1960,-30,99
1960,0,1960,7,55
2030,-1400,2031,-1485,163
2030,-1365,2033,-1365,157
2030,-1330,2033,-1321,252
2030,-1295,2033,-1288,310
2030,-1260,2033,-1252,168
2030,-1225,2032,-1218,76
2030,-1190,2032,-1183,93
2030,-1155,2032,-1148,172
2030,-1120,2032,-1113,183
2030,-1085,2032,-1078,210
2030,-1050,2032,-1041,754
2030,-1015,2032,-1011,983
2030,-980,2032,-971,984
2030,-945,2032,-938,908
2030,-910,2032,-901,983
2030,-875,2032,-871,983
2030,-840,2032,-831,984
2030,-805,2032,-798,983
2030,-770,2032,-761,703
2030,-735,2032,-731,522
2030,-700,2029,-693,698
2030,-665,2029,-658,961
2030,-630,2029,-621,983
2030,-595,2029,-592,983
2030,-560,2029,-553,983
2030,-525,2029,-516,983
2030,-490,2029,-483,946
2030,-455,2029,-451,789
2030,-420,2029,-413,698
2030,-385,2029,-380,631
2030,-350,2030,-341,556
2030,-315,2030,-312,493
2030,-280,2030,-273,419
2030,-245,2030,-240,358
2030,-210,2030,-203,290
2030,-175,2030,-170,241
2030,-140,2030,-133,199
2030,-105,2030,-99,162
2030,-70,2030,-60,120
2030,-35,2030,-30,82
2030,0,2030,7,17
2100,-1400,2103,-1395,44
2100,-1365,2103,-1363,183
2100,-1330,2102,-1321,199
2100,-1295,2102,-1291,269
2100,-1260,2102,-1251,225
2100,-1225,2102,-1218,125
2100,-1190,2102,-1182,178
2100,-1155,2102,-1151,160
2100,-1120,2102,-1111,188
2100,-1085,2102,-1078,199
2100,-1050,2102,-1043,636
2100,-1015,2102,-1011,984
2100,-980,2102,-971,985
2100,-945,2102,-938,892
2100,-910,2102,-902,983
2100,-875,2102,-868,984
2100,-840,2102,-833,983
2100,-805,2099,-798,984
2100,-770,2099,-763,706
2100,-735,2099,-727,497
2100,-700,2099,-693,746
2100,-665,2099,-660,969
2100,-630,2099,-621,983
2100,-595,2099,-591,984
2100,-560,2100,-553,983
2100,-525,2100,-520,983
2100,-490,2100,-481,878
2100,-455,2100,-451,781
2100,-420,2100,-413,698
2100,-385,2100,-380,631
2100,-350,2100,-343,556
2100,-315,2100,-311,493
2100,-280,2100,-273,419
2100,-245,2100,-240,358
2100,-210,2100,-203,295
2100,-175,2100,-170,246
2100,-140,2100,-133,204
2100,-105,2100,-100,168
2100,-70,2100,-60,120
2100,-35,2100,-30,96
2100,0,2100,7,17
2170,-1400,2173,-1395,55
2170,-1365,2173,-1363,163
2170,-1330,2172,-1321,199
2170,-1295,2172,-1291,235
2170,-1260,2172,-1251,263
2170,-1225,2172,-1218,125
2170,-1190,2172,-1182,168
2170,-1155,2172,-1150,172
2170,-1120,2172,-1111,183
2170,-1085,2172,-1078,199
2170,-1050,2172,-1043,536
2170,-1015,2172,-1011,983
2170,-980,2172,-971,984
2170,-945,2172,-938,882
2170,-910,2172,-902,983
2170,-875,2172,-871,983
2170,-840,2172,-831,983
2170,-805,2172,-798,984
2170,-770,2169,-763,707
2170,-735,2169,-728,483
2170,-700,2169,-693,720
2170,-665,2169,-658,983
2170,-630,2169,-621,984
2170,-595,2169,-592,984
2170,-560,2169,-553,983
2170,-525,2169,-518,984
2170,-490,2169,-483,867
2170,-455,2169,-451,777
2170,-420,2169,-413,703
2170,-385,2170,-380,631
2170,-350,2170,-343,556
2170,-315,2170,-312,493
2170,-280,2170,-273,419
2170,-245,2170,-240,363
2170,-210,2170,-203,300
2170,-175,2170,-170,252
2170,-140,2170,-133,215
2170,-105,2170,-97,178
2170,-70,2170,-60,147
2170,-35,2170,-30,109
2170,0,2170,7,39
2240,-1400,2243,-1395,104
2240,-1365,2243,-1363,173
2240,-1330,2242,-1321,204
2240,-1295,2242,-1288,252
2240,-1260,2242,-1253,259
2240,-1225,2242,-1218,131
2240,-1190,2242,-1181,163
2240,-1155,2242,-1147,173
2240,-1120,2242,-1113,178
2240,-1085,2242,-1078,194
2240,-1050,2242,-1041,488
2240,-1015,2242,-1011,984
2240,-980,2242,-971,985
2240,-945,2242,-938,867
2240,-910,2242,-903,984
2240,-875,2242,-868,984
2240,-840,2242,-833,984
2240,-805,2240,-798,983
2240,-770,2240,-761,703
2240,-735,2240,-731,483
2240,-700,2240,-693,690
2240,-665,2240,-658,984
2240,-630,2240,-621,983
2240,-595,2240,-592,983
2240,-560,2239,-552,983
2240,-525,2239,-520,984
2240,-490,2239,-481,836
2240,-455,2239,-450,777
2240,-420,2239,-413,702
2240,-385,2239,-380,631
2240,-350,2239,-343,556
2240,-315,2239,-312,493
2240,-280,2240,-273,419
2240,-245,2240,-240,362
2240,-210,2240,-203,300
2240,-175,2240,-170,259
2240,-140,2240,-133,216
2240,-105,2240,-98,183
2240,-70,2240,-60,152
2240,-35,2240,-30,120
2240,0,2240,7,65
2310,-1400,2313,-1395,157
2310,-1365,2313,-1362,168
2310,-1330,2312,-1321,166
2310,-1295,2312,-1291,220
2310,-1260,2312,-1251,268
2310,-1225,2312,-1218,209
2310,-1190,2312,-1181,109
2310,-1155,2312,-1148,178
2310,-1120,2312,-1113,188
2310,-1085,2312,-1078,188
2310,-1050,2312,-1041,447
2310,-1015,2312,-1011,983
2310,-980,2312,-971,983
2310,-945,2312,-940,870
2310,-910,2312,-901,983
2310,-875,2312,-871,983
2310,-840,2312,-833,982
2310,-805,2312,-796,983
2310,-770,2309,-763,710
2310,-735,2309,-730,458
2310,-700,2309,-693,622
2310,-665,2309,-658,984
2310,-630,2309,-622,983
2310,-595,2309,-591,984
2310,-560,2309,-553,983
2310,-525,2309,-518,983
2310,-490,2309,-483,836
2310,-455,2310,-451,774
2310,-420,2310,-413,698
2310,-385,2310,-380,631
2310,-350,2310,-341,556
2310,-315,2310,-312,493
2310,-280,2310,-273,414
2310,-245,2310,-240,362
2310,-210,2310,-203,305
2310,-175,2310,-170,268
2310,-140,2310,-133,231
2310,-105,2310,-97,204
2310,-70,2310,-60,178
2310,-35,2310,-30,162
2310,0,2310,7,120
2380,-1400,2382,-1395,193
2380,-1365,2382,-1360,114
2380,-1330,2382,-1321,199
2380,-1295,2382,-1288,215
2380,-1260,2382,-1253,316
2380,-1225,2382,-1220,352
2380,-1190,2382,-1181,6
2380,-1155,2382,-1147,157
2380,-1120,2382,-1113,188
2380,-1085,2382,-1080,193
2380,-1050,2382,-1040,443
2380,-1015,2382,-1011,984
2380,-980,2382,-971,984
2380,-945,2382,-938,835
2380,-910,2380,-901,983
2380,-875,2380,-871,983
2380,-840,2380,-833,982
2380,-805,2380,-796,983
2380,-770,2380,-761,703
2380,-735,2380,-731,467
2380,-700,2380,-693,551
2380,-665,2379,-658,984
2380,-630,2379,-623,984
2380,-595,2379,-591,984
2380,-560,2379,-553,983
2380,-525,2379,-518,983
2380,-490,2379,-483,831
2380,-455,2379,-451,774
2380,-420,2379,-413,703
2380,-385,2379,-380,631
2380,-350,2380,-343,556
2380,-315,2380,-312,493
2380,-280,2380,-273,419
2380,-245,2380,-240,363
2380,-210,2380,-203,311
2380,-175,2380,-170,280
2380,-140,2380,-133,259
2380,-105,2380,-96,241
2380,-70,2380,-62,231
2380,-35,2380,-30,215
2380,0,2380,7,194
2450,-1400,2444,-1487,209
2450,-1365,2453,-1365,114
2450,-1330,2453,-1320,168
2450,-1295,2452,-1287,189
2450,-1260,2452,-1253,209
2450,-1225,2452,-1218,289
2450,-1190,2452,-1181,88
2450,-1155,2452,-1151,178
2450,-1120,2452,-1111,178
2450,-1085,2452,-1078,199
2450,-1050,2452,-1042,378
2450,-1015,2452,-1011,983
2450,-980,2452,-971,983
2450,-945,2452,-938,823
2450,-910,2452,-901,983
2450,-875,2452,-871,983
2450,-840,2452,-831,983
2450,-805,2452,-798,983
2450,-770,2452,-763,707
2450,-735,2450,-731,468
2450,-700,2450,-691,526
2450,-665,2450,-660,983
2450,-630,2450,-621,983
2450,-595,2450,-591,983
2450,-560,2450,-552,983
2450,-525,2450,-518,983
2450,-490,2450,-483,835
2450,-455,2450,-450,774
2450,-420,2450,-413,703
2450,-385,2450,-380,631
2450,-350,2450,-343,560
2450,-315,2450,-312,497
2450,-280,2450,-273,419
2450,-245,2450,-240,363
2450,-210,2450,-203,321
2450,-175,2450,-170,300
2450,-140,2450,-133,290
2450,-105,2450,-99,284
2450,-70,2450,-60,269
2450,-35,2450,-30,264
2450,0,2450,7,252
2520,-1400,2522,-1397,168
2520,-1365,2522,-1358,76
2520,-1330,2522,-1322,147
2520,-1295,2522,-1291,173
2520,-1260,2522,-1251,193
2520,-1225,2522,-1218,193
2520,-1190,2522,-1181,183
2520,-1155,2522,-1148,184
2520,-1120,2522,-1113,183
2520,-1085,2522,-1078,194
2520,-1050,2522,-1043,428
2520,-1015,2522,-1008,983
2520,-980,2522,-973,984
2520,-945,2522,-938,823
2520,-910,2522,-901,983
2520,-875,2522,-871,984
2520,-840,2520,-831,983
2520,-805,2520,-800,983
2520,-770,2520,-761,706
2520,-735,2520,-731,468
2520,-700,2520,-693,473
2520,-665,2520,-658,979
2520,-630,2520,-621,982
2520,-595,2520,-591,983
2520,-560,2520,-553,982
2520,-525,2520,-520,983
2520,-490,2520,-481,831
2520,-455,2520,-451,777
2520,-420,2520,-413,703
2520,-385,2520,-380,636
2520,-350,2520,-343,560
2520,-315,2520,-312,497
2520,-280,2520,-273,428
2520,-245,2520,-240,368
2520,-210,2520,-201,321
2520,-175,2520,-170,300
2520,-140,2520,-133,289
2520,-105,2520,-97,284
2520,-70,2520,-60,284
2520,-35,2520,-30,289
2520,0,2520,7,326
2590,-1400,2592,-1395,285
2590,-1365,2592,-1360,83
2590,-1330,2592,-1321,146
2590,-1295,2592,-1290,173
2590,-1260,2592,-1251,178
2590,-1225,2592,-1218,163
2590,-1190,2592,-1181,199
2590,-1155,2592,-1151,188
2590,-1120,2592,-1111,183
2590,-1085,2592,-1079,199
2590,-1050,2590,-1041,570
2590,-1015,2590,-1011,984
2590,-980,2590,-971,984
2590,-945,2590,-938,819
2590,-910,2590,-903,984
2590,-875,2590,-868,984
2590,-840,2590,-833,983
2590,-805,2590,-798,984
2590,-770,2590,-761,707
2590,-735,2590,-731,468
2590,-700,2590,-693,478
2590,-665,2590,-655,983
2590,-630,2590,-623,984
2590,-595,2590,-591,984
2590,-560,2590,-553,983
2590,-525,2590,-518,985
2590,-490,2590,-483,836
2590,-455,2590,-451,781
2590,-420,2590,-413,703
2590,-385,2590,-380,636
2590,-350,2590,-343,560
2590,-315,2590,-312,497
2590,-280,2590,-273,428
2590,-245,2590,-240,368
2590,-210,2590,-203,316
2590,-175,2590,-167,289
2590,-140,2590,-133,274
2590,-105,2590,-96,269
2590,-70,2590,-60,289
2590,-35,2590,-30,316
2590,0,2590,7,399
2660,-1400,2658,-1487,551
2660,-1365,2663,-1365,290
2660,-1330,2663,-1320,65
2660,-1295,2663,-1287,183
2660,-1260,2662,-1253,199
2660,-1225,2662,-1220,157
2660,-1190,2662,-1181,199
2660,-1155,2662,-1148,184
2660,-1120,2662,-1113,189
2660,-1085,2662,-1078,199
2660,-1050,2662,-1042,580
2660,-1015,2662,-1008,983
2660,-980,2662,-973,983
2660,-945,2662,-938,828
2660,-910,2662,-901,983
2660,-875,2662,-871,984
2660,-840,2662,-831,984
2660,-805,2662,-800,983
2660,-770,2662,-761,721
2660,-735,2662,-731,483
2660,-700,2659,-693,448
2660,-665,2659,-658,964
2660,-630,2659,-621,983
2660,-595,2659,-591,984
2660,-560,2659,-553,983
2660,-525,2659,-518,983
2660,-490,2659,-483,863
2660,-455,2660,-447,777
2660,-420,2660,-413,707
2660,-385,2660,-381,641
2660,-350,2660,-343,565
2660,-315,2660,-312,503
2660,-280,2660,-273,428
2660,-245,2660,-240,372
2660,-210,2660,-203,316
2660,-175,2660,-167,284
2660,-140,2660,-133,269
2660,-105,2660,-99,284
2660,-70,2660,-60,316
2660,-35,2660,-30,353
2660,0,2660,7,468
2730,-1400,2732,-1397,493
2730,-1365,2732,-1358,372
2730,-1330,2732,-1321,60
2730,-1295,2732,-1291,204
2730,-1260,2732,-1251,193
2730,-1225,2732,-1218,141
2730,-1190,2732,-1183,204
2730,-1155,2732,-1147,178
2730,-1120,2732,-1112,178
2730,-1085,2732,-1080,204
2730,-1050,2730,-1041,819
2730,-1015,2730,-1011,984
2730,-980,2730,-971,985
2730,-945,2730,-938,801
2730,-910,2730,-901,983
2730,-875,2730,-872,984
2730,-840,2730,-831,983
2730,-805,2730,-800,984
2730,-770,2730,-761,715
2730,-735,2730,-731,473
2730,-700,2730,-691,462
2730,-665,2730,-662,916
2730,-630,2730,-621,983
2730,-595,2730,-591,984
2730,-560,2730,-551,983
2730,-525,2730,-520,984
2730,-490,2730,-483,867
2730,-455,2730,-451,784
2730,-420,2730,-413,706
2730,-385,2730,-380,636
2730,-350,2730,-343,560
2730,-315,2730,-312,498
2730,-280,2730,-273,428
2730,-245,2730,-240,373
2730,-210,2730,-203,326
2730,-175,2730,-170,295
2730,-140,2730,-133,300
2730,-105,2730,-99,332
2730,-70,2730,-59,363
2730,-35,2730,-30,403
2730,0,2730,7,526
2800,-1400,2803,-1489,575
2800,-1365,2807,-1365,483
2800,-1330,2807,-1320,259
2800,-1295,2807,-1287,168
2800,-1260,2804,-1253,189
2800,-1225,2800,-1218,114
2800,-1190,2799,-1183,183
2800,-1155,2799,-1148,188
2800,-1120,2799,-1113,189
2800,-1085,2799,-1078,225
2800,-1050,2799,-1041,983
2800,-1015,2799,-1011,983
2800,-980,2799,-971,984
2800,-945,2799,-938,781
2800,-910,2799,-902,984
2800,-875,2799,-867,984
2800,-840,2799,-833,983
2800,-805,2800,-798,983
2800,-770,2800,-763,738
2800,-735,2800,-731,487
2800,-700,2800,-691,437
2800,-665,2800,-658,883
2800,-630,2800,-621,983
2800,-595,2800,-592,983
2800,-560,2800,-553,982
2800,-525,2800,-520,983
2800,-490,2800,-481,836
2800,-455,2800,-452,807
2800,-420,2800,-411,715
2800,-385,2800,-380,641
2800,-350,2800,-343,565
2800,-315,2800,-312,503
2800,-280,2800,-273,428
2800,-245,2800,-240,373
2800,-210,2800,-203,326
2800,-175,2800,-170,300
2800,-140,2800,-133,321
2800,-105,2800,-97,368
2800,-70,2800,-59,404
2800,-35,2800,-30,452
2800,0,2800,7,602
